norm,norm (language),num. concepts,concepts
a_bird,is a bird,39,"blackbird, bluejay, budgie, buzzard, canary, chickadee, chicken, crow, dove, duck, eagle, emu, falcon, finch, flamingo, goose, hawk, nightingale, oriole, ostrich, owl, parakeet, partridge, peacock, pelican, penguin, pheasant, pigeon, raven, robin, rooster, seagull, sparrow, starling, stork, swan, turkey, vulture, woodpecker"
a_building,is a building,6,"barn, cathedral, church, inn, shed, skyscraper"
a_carnivore,is a carnivore,11,"buzzard, cheetah, coyote, dog, eagle, fox, hyena, leopard, lion, panther, tiger"
a_cat,is a cat,5,"cheetah, cougar, lion, panther, tiger"
a_container,is a container,5,"barrel, bottle, box, jar, mug"
a_fish,is a fish,16,"catfish, cod, dolphin, eel, goldfish, guppy, mackerel, minnow, octopus, perch, salamander, salmon, sardine, squid, trout, tuna"
a_food,is a food,9,"biscuit, bread, cheese, olive, parsley, pickle, pie, rice, walnut"
a_fruit,is a fruit,29,"apple, avocado, banana, blueberry, cantaloupe, cherry, coconut, cranberry, grape, grapefruit, honeydew, lemon, lime, mandarin, nectarine, olive, orange, peach, pear, pineapple, plum, prune, pumpkin, raisin, raspberry, rhubarb, strawberry, tangerine, tomato"
a_gun,is a gun,6,"bazooka, bullet, pistol, revolver, rifle, shotgun"
a_herbivore,is a herbivore,5,"caribou, deer, elk, hare, moose"
a_house,is a house,6,"apartment, bungalow, cottage, house, hut, shell"
a_mammal,is a mammal,42,"bat_(animal), bear, beaver, bison, buffalo, bull, camel, caribou, cat, cheetah, chimp, chipmunk, cougar, cow, coyote, deer, dog, dolphin, donkey, elephant, elk, fawn, fox, giraffe, goat, gorilla, hamster, hyena, lion, mink, moose, otter, ox, pig, platypus, porcupine, seal, sheep, squirrel, walrus, whale, zebra"
a_musical_instrument,is a musical instrument,18,"accordion, bagpipe, banjo, cello, clarinet, drum, flute, guitar, harmonica, harp, harpsichord, keyboard_(musical), piano, saxophone, trombone, trumpet, tuba, violin"
a_pet,is a pet,11,"budgie, canary, cat, dog, goldfish, hamster, iguana, parakeet, python, rabbit, turtle"
a_predator,is a predator,9,"cougar, eagle, falcon, hawk, hyena, leopard, lion, panther, tiger"
a_reptile,is a reptile,8,"alligator, crocodile, iguana, python, rattlesnake, salamander, tortoise, turtle"
a_rodent,is a rodent,5,"groundhog, hamster, mole_(animal), mouse, rat"
a_scavenger,is a scavenger,5,"buzzard, crow, hyena, raven, vulture"
a_tool,is a tool,18,"axe, chisel, clamp, crowbar, drill, hammer, hatchet, hoe, level, pliers, rake, scissors, screwdriver, shovel, sledgehammer, spade, tomahawk, wrench"
a_toy,is a toy,5,"doll, kite, rattle, slingshot, wagon"
a_tree,is a tree,5,"birch, cedar, oak, pine, willow"
a_utensil,is a utensil,12,"colander, fork, grater, knife, ladle, pencil, pot, racquet, spatula, spoon, strainer, tongs"
a_vegetable,is a vegetable,28,"asparagus, avocado, beans, beets, broccoli, cabbage, carrot, cauliflower, celery, corn, cucumber, eggplant, lettuce, mushroom, olive, onions, parsley, peas, pickle, potato, pumpkin, radish, rhubarb, spinach, tomato, turnip, yam, zucchini"
a_vehicle,is a vehicle,10,"ambulance, bus, car, dunebuggy, jeep, motorcycle, scooter, tricycle, truck, van"
a_weapon,is a weapon,29,"axe, bazooka, bomb, bow_(weapon), cannon, catapult, crossbow, crowbar, dagger, grenade, gun, harpoon, knife, machete, missile, pistol, revolver, rifle, rock, rocket, shield, shotgun, slingshot, spear, stick, stone, sword, tomahawk, whip"
an_animal,is an animal,99,"alligator, bat_(animal), bear, beaver, bison, blackbird, bluejay, buffalo, bull, calf, camel, caribou, cat, cheetah, chickadee, chicken, chimp, chipmunk, clam, cougar, cow, coyote, crab, crocodile, deer, dog, dolphin, donkey, duck, elephant, elk, emu, falcon, fawn, flamingo, fox, frog, giraffe, goat, goldfish, goose, gopher, gorilla, groundhog, hamster, hare, horse, hyena, iguana, lamb, leopard, lion, lobster, mink, minnow, mole_(animal), moose, mouse, octopus, otter, owl, ox, panther, partridge, peacock, pelican, penguin, perch, pheasant, pig, pigeon, platypus, pony, porcupine, python, rabbit, raccoon, rat, rattlesnake, raven, rooster, salamander, salmon, seal, sheep, skunk, sparrow, squirrel, tiger, toad, tortoise, trout, turkey, turtle, vulture, walrus, whale, woodpecker, zebra"
an_appliance,is an appliance,10,"blender, dishwasher, freezer, fridge, kettle, microwave, mixer, oven, stove, toaster"
an_insect,is an insect,12,"ant, beetle, butterfly, caterpillar, cockroach, flea, grasshopper, hornet, housefly, moth, spider, wasp"
beh_-_builds_nests,living being that builds nests,10,"blackbird, bluejay, eagle, falcon, finch, raven, robin, sparrow, starling, wasp"
beh_-_cannot_fly,living being that cannot fly,7,"chicken, emu, ostrich, peacock, penguin, rooster, turkey"
beh_-_chirps,living being that chirps,6,"blackbird, budgie, canary, chickadee, parakeet, sparrow"
beh_-_crawls,living being that crawls,5,"ant, beetle, caterpillar, spider, worm"
beh_-_eats,living being that eats,39,"budgie, buzzard, canary, cat, chicken, chimp, cougar, cow, crow, dolphin, duck, eagle, elephant, fawn, finch, frog, goat, grasshopper, hamster, horse, mouse, otter, parakeet, pig, pigeon, pony, rat, rattlesnake, robin, seagull, sheep, squirrel, starling, stork, toad, turkey, vulture, whale, woodpecker"
beh_-_eats_fish,living being that eats fish,7,"bear, dolphin, pelican, penguin, seagull, seal, stork"
beh_-_eats_garbage,living being that eats garbage,5,"catfish, housefly, raccoon, rat, seagull"
beh_-_eats_grass,living being that eats grass,7,"calf, cow, fawn, goat, lamb, ox, sheep"
beh_-_eats_insects,living being that eats insects,5,"frog, robin, spider, toad, woodpecker"
beh_-_flies,living being that flies,46,"airplane, bat_(animal), beetle, blackbird, bluejay, budgie, butterfly, buzzard, canary, chickadee, chicken, cockroach, crow, dove, duck, eagle, falcon, finch, flamingo, goose, grasshopper, hawk, hornet, housefly, jet, missile, moth, nightingale, oriole, owl, parakeet, partridge, peacock, pelican, pheasant, pigeon, raven, robin, seagull, sparrow, starling, stork, swan, vulture, wasp, woodpecker"
beh_-_hunts,living being that hunts,5,"cheetah, coyote, falcon, fox, panther"
beh_-_jumps,living being that jumps,5,"dolphin, flea, grasshopper, hare, toad"
beh_-_lays_eggs,living being that lays eggs,32,"blackbird, bluejay, chickadee, chicken, crocodile, dove, duck, eagle, falcon, flea, goose, mackerel, oriole, ostrich, partridge, peacock, penguin, perch, pheasant, raven, robin, salmon, seagull, sparrow, spider, starling, swan, tortoise, trout, turtle, vulture, woodpecker"
beh_-_migrates,living being that migrates,5,"caribou, duck, goose, robin, sparrow"
beh_-_runs,living being that runs,5,"buffalo, deer, hyena, ostrich, squirrel"
beh_-_sings,living being that sings,11,"blackbird, bluejay, budgie, canary, chickadee, finch, nightingale, parakeet, robin, sparrow, starling"
beh_-_swims,living being that swims,33,"alligator, beaver, catfish, cod, crocodile, dolphin, duck, eel, frog, goldfish, guppy, lobster, mackerel, minnow, octopus, otter, pelican, penguin, perch, platypus, salmon, sardine, seal, shrimp, squid, swan, toad, tortoise, trout, tuna, turtle, walrus, whale"
beh_-_travels_in_herds,living being that travels in herds,5,"bison, buffalo, caribou, elk, zebra"
bought/sold_in_stores,bought/sold in stores,5,"bracelet, card_(greeting), magazine, necklace, toy"
clothing,clothing,34,"belt, blouse, boots, bra, camisole, cap_(hat), cape, cloak, coat, dress, gloves, gown, hose_(leggings), jacket, jeans, leotards, mittens, nightgown, pajamas, pants, parka, robe, scarf, shawl, shirt, shoes, skirt, slippers, socks, sweater, swimsuit, tie, trousers, vest"
comes_in_pairs,comes in pairs,7,"boots, gloves, mittens, shoes, skis, slippers, socks"
different_colours,different colours,58,"bag, ball, balloon, bench, blouse, bow_(ribbon), bowl, bra, brick, budgie, butterfly, candle, cap_(hat), car, carpet, caterpillar, coat, comb, crayon, cup, curtains, cushion, dish, drapes, dress, earmuffs, envelope, gown, helmet, hose_(leggings), jacket, jeans, kite, leotards, marble, mink_(coat), napkin, nightgown, nylons, pants, peacock, pen, robe, scarf, shawl, shell, shirt, skirt, sled, socks, surfboard, sweater, swimsuit, tack, tie, trousers, umbrella, vest"
different_sizes,different sizes,19,"bag, bed, bolts, bow_(ribbon), bra, candle, coin, envelope, hose_(leggings), mirror, paintbrush, plate, pliers, pot, sailboat, screws, shoes, tank_(container), wrench"
eaten_as_meat,eaten as meat,6,"coconut, cow, lamb, moose, sheep, turkey"
eaten_by_baking,eaten by baking,6,"beans, biscuit, cake, pie, potato, walnut"
eaten_by_cooking,eaten by cooking,15,"asparagus, beans, broccoli, cabbage, carrot, cauliflower, eggplant, mushroom, peas, potato, rice, spinach, turnip, yam, zucchini"
eaten_in_pies,eaten in pies,5,"apple, blueberry, cherry, lemon, pumpkin"
eaten_in_salads,eaten in salads,13,"beets, cabbage, carrot, cauliflower, celery, cucumber, lettuce, mushroom, olive, onions, radish, spinach, tomato"
eaten_in_soups,eaten in soups,5,"asparagus, cabbage, onions, peas, spinach"
eaten_in_summer,eaten in summer,5,"cantaloupe, cherry, honeydew, nectarine, peach"
found_in_bathrooms,found in bathrooms,10,"bathtub, comb, faucet, mat, mirror, razor, robe, sink, tap, toilet"
found_in_bedrooms,found in bedrooms,5,"bed, bureau, closet, dresser, mirror"
found_in_houses,found in houses,11,"ashtray, bedroom, bookcase, cabinet, carpet, cellar, cockroach, fan_(appliance), mirror, telephone, wall"
found_in_kitchens,found in kitchens,32,"blender, bowl, cabinet, colander, corkscrew, cup, cupboard, dish, dishwasher, drain, faucet, fridge, grater, kettle, knife, ladle, microwave, mixer, oven, pan, plate, pot, sink, skillet, spatula, spoon, stove, strainer, table, tap, toaster, tongs"
found_on_walls,found on walls,7,"bookcase, certificate, clock, hook, mirror, plug_(electric), shelves"
furniture,furniture,11,"bed, bookcase, bureau, cabinet, chair, couch, desk, dresser, lamp, sofa, table"
grows_in_forests,grows in forests,5,"birch, cedar, mushroom, oak, pine"
grows_in_gardens,grows in gardens,18,"asparagus, beans, beets, broccoli, cabbage, carrot, cauliflower, celery, cucumber, eggplant, lettuce, parsley, potato, radish, rhubarb, spinach, tomato, turnip"
grows_in_the_ground,grows in the ground,8,"beets, carrot, cauliflower, dandelion, eggplant, potato, turnip, yam"
grows_on_trees,grows on trees,19,"apple, banana, cantaloupe, cherry, coconut, grapefruit, lemon, lime, mandarin, nectarine, olive, orange, peach, pear, pineapple, plum, prune, tangerine, walnut"
has_2_wheels,has 2 wheels,5,"bike, cart, motorcycle, scooter, wheelbarrow"
has_4_legs,has 4 legs,49,"bear, bench, buffalo, calf, caribou, cat, chair, cheetah, couch, cougar, cow, coyote, crocodile, deer, desk, dog, donkey, elephant, elk, fawn, fox, giraffe, goat, gopher, hare, horse, hyena, iguana, lamb, leopard, mink, mole_(animal), moose, ox, panther, pig, pony, porcupine, rat, salamander, sheep, skunk, sofa, squirrel, stool_(furniture), table, tortoise, turtle, zebra"
has_4_wheels,has 4 wheels,11,"ambulance, buggy, car, cart, dunebuggy, jeep, limousine, skateboard, truck, van, wagon"
has_a_beak,has a beak,38,"blackbird, bluejay, budgie, buzzard, canary, chickadee, chicken, crow, dove, duck, eagle, emu, falcon, finch, flamingo, goose, hawk, nightingale, oriole, ostrich, owl, parakeet, partridge, peacock, pelican, penguin, pheasant, pigeon, platypus, raven, robin, rooster, seagull, sparrow, starling, stork, swan, vulture"
has_a_blade,has a blade,6,"axe, dagger, hoe, knife, sword, tomahawk"
has_a_door,has a door,5,"cage, dishwasher, oven, shack, tent"
has_a_handle,has a handle,42,"axe, basket, broom, brush, bucket, buggy, chisel, corkscrew, cup, dagger, door, fork, grater, hammer, hatchet, hoe, kettle, knife, machete, mug, paintbrush, pan, pot, racquet, rake, rattle, revolver, rifle, screwdriver, shovel, skillet, sledgehammer, spade, spatula, spear, spoon, sword, tomahawk, umbrella, wagon, whip, wrench"
has_a_head,has a head,7,"axe, hammer, pin, screwdriver, screws, spear, turtle"
has_a_lid,has a lid,6,"barrel, bottle, box, jar, pan, pot"
has_a_long_neck,has a long neck,5,"emu, flamingo, giraffe, ostrich, swan"
has_a_long_tail,has a long tail,6,"cougar, iguana, mouse, pony, rat, salamander"
has_a_neck,has a neck,5,"banjo, bottle, buzzard, emu, ostrich"
has_a_pit,has a pit,6,"cherry, nectarine, olive, peach, plum, prune"
has_a_pointed_end,has a pointed end,11,"bullet, carrot, dagger, harpoon, peg, pen, pin, screws, spear, sword, tack"
has_a_roof,has a roof,7,"building, bungalow, cottage, house, jeep, shack, shed"
has_a_seat,has a seat,7,"bike, chair, stool_(furniture), toilet, tractor, tricycle, unicycle"
has_a_shell,has a shell,10,"beetle, clam, cockroach, coconut, lobster, shrimp, snail, tortoise, turtle, walnut"
has_a_skin,has a skin,19,"apple, banana, cantaloupe, cranberry, cucumber, drum, garlic, grape, lemon, mandarin, nectarine, onions, peach, pear, pineapple, plum, potato, prune, tangerine"
has_a_tail,has a tail,39,"alligator, beaver, calf, cat, chipmunk, cougar, coyote, crocodile, deer, dog, donkey, elephant, fawn, fox, goat, hamster, hare, horse, iguana, lion, lobster, mink, mouse, otter, panther, peacock, perch, pig, pony, rabbit, raccoon, rat, rattlesnake, salmon, shrimp, skunk, squirrel, trout, zebra"
has_a_trigger,has a trigger,5,"gun, pistol, revolver, rifle, shotgun"
has_a_wooden_handle,has a wooden handle,7,"axe, hammer, hoe, shovel, sledgehammer, spear, tomahawk"
has_a_zipper,has a zipper,7,"coat, jacket, jeans, pants, tent, trousers, vest"
has_an_engine,has an engine,10,"bus, car, dunebuggy, jet, motorcycle, scooter, train, truck, van, yacht"
has_an_inside,has an inside,11,"coconut, cucumber, freezer, fridge, grapefruit, nectarine, pineapple, plum, potato, radish, zucchini"
has_blades,has blades,5,"blender, fan_(appliance), helicopter, mixer, scissors"
has_buttons,has buttons,13,"accordion, blouse, coat, dishwasher, elevator, jacket, jeans, mouse_(computer), pants, shirt, telephone, trousers, vest"
has_claws,has claws,10,"bear, cat, cougar, crab, eagle, hawk, lobster, mole_(animal), tiger, vulture"
has_doors,has doors,15,"barn, building, bus, cabinet, car, closet, cupboard, elevator, freezer, fridge, garage, house, microwave, shed, van"
has_drawers,has drawers,5,"bureau, cabinet, desk, dresser, fridge"
has_ears,has ears,5,"corn, donkey, elephant, hare, rabbit"
has_eyes,has eyes,16,"beetle, cat, cow, deer, falcon, fawn, frog, hawk, housefly, iguana, lobster, mink, owl, raccoon, rat, spider"
has_feathers,has feathers,38,"blackbird, bluejay, budgie, buzzard, canary, chickadee, chicken, crow, dove, duck, eagle, emu, falcon, finch, flamingo, goose, hawk, nightingale, oriole, ostrich, owl, parakeet, partridge, peacock, pelican, pheasant, pigeon, raven, robin, rooster, seagull, sparrow, starling, stork, swan, turkey, vulture, woodpecker"
has_feet,has feet,10,"bear, chickadee, duck, goose, mole_(animal), penguin, pigeon, rabbit, raven, rooster"
has_fins,has fins,11,"catfish, cod, dolphin, goldfish, mackerel, minnow, perch, salmon, surfboard, trout, tuna"
has_fur,has fur,22,"bat_(animal), bear, caribou, cat, chimp, cougar, deer, dog, fox, goat, gopher, hamster, hare, lamb, lion, moose, mouse, otter, rat, skunk, squirrel, tiger"
has_gills,has gills,9,"catfish, cod, goldfish, mackerel, minnow, perch, salmon, trout, tuna"
has_hair,has hair,9,"buffalo, chimp, coconut, dog, doll, gorilla, mole_(animal), moose, pony"
has_handles,has handles,7,"bag, cabinet, cupboard, dresser, pliers, scissors, wheelbarrow"
has_holes,has holes,6,"belt, colander, flute, grater, socks, strainer"
has_hooves,has hooves,9,"calf, deer, donkey, elk, goat, horse, moose, pony, zebra"
has_horns,has horns,6,"buffalo, bull, caribou, elk, goat, ox"
has_keys,has keys,7,"accordion, clarinet, flute, keyboard_(musical), piano, saxophone, typewriter"
has_leaves,has leaves,15,"beets, birch, broccoli, cabbage, cauliflower, cedar, celery, lettuce, oak, pineapple, radish, rhubarb, spinach, vine, willow"
has_legs,has legs,44,"beetle, camel, canary, caribou, cat, chair, chicken, couch, cow, crab, deer, desk, dog, donkey, elephant, emu, fawn, fox, frog, goat, gopher, grasshopper, hare, horse, housefly, iguana, moose, ostrich, pants, pig, pony, rat, salamander, sheep, skunk, sofa, spider, squirrel, stool_(furniture), stork, table, toad, trousers, turtle"
has_long_legs,has long legs,6,"emu, flamingo, giraffe, grasshopper, ostrich, stork"
has_numbers,has numbers,5,"clock, ruler, telephone, thermometer, typewriter"
has_patterns,has patterns,5,"cup, mug, plate, saucer, tie"
has_peel,has peel,6,"banana, grapefruit, lemon, mandarin, orange, tangerine"
has_pockets,has pockets,6,"coat, jacket, jeans, pants, shirt, trousers"
has_scales,has scales,10,"alligator, catfish, cod, crocodile, goldfish, mackerel, perch, python, rattlesnake, trout"
has_seeds,has seeds,21,"apple, avocado, cantaloupe, cucumber, dandelion, eggplant, grape, grapefruit, honeydew, lemon, lime, mandarin, orange, pickle, prune, pumpkin, raspberry, strawberry, tangerine, tomato, zucchini"
has_shelves,has shelves,6,"bookcase, cabinet, cellar, closet, cupboard, fridge"
has_sleeves,has sleeves,6,"blouse, coat, dress, jacket, shirt, sweater"
has_strings,has strings,9,"apron, banjo, cello, guitar, harp, harpsichord, piano, racquet, violin"
has_teeth,has teeth,14,"alligator, bear, comb, cougar, coyote, crocodile, fox, lion, mink, rabbit, rake, rat, tiger, walrus"
has_webbed_feet,has webbed feet,6,"duck, goose, pelican, penguin, platypus, swan"
has_wheels,has wheels,23,"bike, buggy, bus, cannon, car, cart, catapult, dunebuggy, jeep, jet, motorcycle, scooter, skateboard, tank_(army), tractor, trailer, train, tricycle, trolley, truck, van, wagon, wheelbarrow"
has_whiskers,has whiskers,8,"cat, catfish, mouse, rabbit, rat, seal, tiger, walrus"
has_windows,has windows,9,"apartment, basement, building, bus, car, cathedral, cottage, house, skyscraper"
has_wings,has wings,44,"airplane, bat_(animal), beetle, blackbird, bluejay, butterfly, buzzard, canary, chickadee, chicken, crow, dove, duck, eagle, falcon, finch, goose, grasshopper, hawk, hornet, housefly, jet, moth, nightingale, oriole, ostrich, owl, parakeet, partridge, pelican, penguin, pheasant, pigeon, raven, rooster, seagull, sparrow, starling, stork, swan, turkey, vulture, wasp, woodpecker"
hunted_by_people,hunted by people,27,"bear, beaver, bison, buffalo, caribou, cheetah, coyote, deer, duck, elephant, elk, fawn, fox, hare, lobster, mackerel, mink, moose, partridge, perch, pheasant, rabbit, seal, tuna, walrus, whale, zebra"
inbeh_-_fires,inanimate object that fires,5,"bazooka, cannon, gun, pistol, rifle"
inbeh_-_floats,inanimate object that floats,7,"balloon, boat, canoe, raft, sailboat, ship, surfboard"
inbeh_-_produces_music,inanimate object that produces music,13,"accordion, banjo, clarinet, drum, flute, guitar, harp, harpsichord, keyboard_(musical), piano, saxophone, trombone, violin"
inbeh_-_produces_noise,inanimate object that produces noise,7,"cello, drum, rattle, tuba, typewriter, whip, whistle"
is_beautiful,is beautiful,6,"butterfly, emerald, fawn, horse, peacock, swan"
is_black,is black,50,"ant, bat_(animal), bear, beetle, blackbird, board_(black), boots, bra, buzzard, cannon, cape, chickadee, clarinet, cloak, cockroach, cow, crow, crowbar, escalator, flea, gorilla, gun, hornet, housefly, keyboard_(musical), lamb, limousine, mink_(coat), olive, oriole, panther, pearl, penguin, pepper, piano, raccoon, raisin, raven, revolver, sheep, skunk, spade, spider, starling, tiger, veil, wand, wasp, whip, zebra"
is_blue,is blue,6,"blueberry, bluejay, budgie, jeans, peacock, pen"
is_breakable,is breakable,10,"bag, bottle, crayon, cup, dish, jar, mirror, plate, saucer, shell"
is_brown,is brown,54,"barrel, beans, bear, beaver, bison, board_(wood), boots, box, bread, buffalo, camel, caribou, chickadee, chimp, chipmunk, cigar, cockroach, coconut, cork, cougar, cow, deer, donkey, elk, fawn, football, giraffe, gopher, groundhog, hamster, hare, mink, mink_(coat), mole_(animal), moose, moth, mushroom, oak, otter, owl, ox, porcupine, potato, raisin, rice, saddle, sandals, sandpaper, squirrel, toad, violin, walnut, willow, worm"
is_citrus,is citrus,5,"grapefruit, lemon, lime, orange, tangerine"
is_cold,is cold,6,"basement, cellar, doorknob, freezer, fridge, stone"
is_colourful,is colourful,19,"balloon, banner, bouquet, budgie, butterfly, card_(greeting), carpet, caterpillar, crayon, kite, leotards, magazine, marble, mittens, parakeet, peacock, rattle, scarf, skirt"
is_comfortable,is comfortable,15,"bed, camisole, chair, couch, cushion, jeans, nightgown, pajamas, pillow, robe, rocker, sandals, slippers, sofa, trousers"
is_crunchy,is crunchy,11,"apple, biscuit, carrot, celery, cucumber, lettuce, pickle, radish, rhubarb, turnip, walnut"
is_cute,is cute,9,"chimp, chipmunk, dolphin, fawn, mouse, otter, seal, sheep, squirrel"
is_dangerous,is dangerous,37,"alligator, axe, bayonet, bazooka, bear, beehive, bomb, bow_(weapon), bull, cougar, crocodile, crossbow, dagger, eel, gorilla, grenade, gun, knife, lion, machete, missile, motorcycle, oven, pistol, plug_(electric), porcupine, python, rattlesnake, revolver, rifle, scissors, shotgun, slingshot, spear, sword, tiger, wasp"
is_decorative,is decorative,8,"belt, candle, carpet, curtains, drapes, pillow, ring_(jewelry), urn"
is_dirty,is dirty,10,"ashtray, barn, carpet, cockroach, housefly, pig, rat, shack, socks, subway"
is_domestic,is domestic,5,"cat, chicken, cow, dog, turkey"
is_edible,is edible,78,"asparagus, avocado, banana, beans, beets, biscuit, blueberry, bread, broccoli, buffalo, cabbage, cake, calf, catfish, cauliflower, celery, cheese, chicken, clam, coconut, cod, corn, crab, cucumber, deer, duck, eel, eggplant, elk, fawn, garlic, goose, grape, grapefruit, grasshopper, lamb, lettuce, lobster, mackerel, minnow, mushroom, octopus, olive, parsley, partridge, peach, pear, peas, perch, pheasant, pickle, pie, pig, plum, potato, rabbit, raisin, raspberry, rhubarb, rice, rooster, salamander, salmon, sardine, seal, seaweed, shrimp, snail, spinach, squid, strawberry, tomato, trout, tuna, turkey, turnip, walnut, yam"
is_electrical,is electrical,22,"blender, chandelier, clock, dishwasher, drill, eel, elevator, escalator, fan_(appliance), freezer, fridge, kettle, keyboard_(musical), lamp, microwave, mixer, radio, razor, stereo, stove, subway, toaster"
is_endangered,is endangered,5,"bison, buffalo, eagle, seal, whale"
is_expensive,is expensive,22,"bracelet, car, chandelier, cigar, crown, dress, emerald, honeydew, house, limousine, lobster, microscope, mink, mink_(coat), missile, necklace, pearl, ring_(jewelry), rocket, stereo, taxi, yacht"
is_fast,is fast,33,"airplane, ambulance, bike, bullet, car, caribou, cheetah, chipmunk, cougar, deer, dunebuggy, elk, fawn, fox, hare, horse, housefly, hyena, jet, leopard, microwave, mink, missile, motorcycle, panther, rocket, scooter, skateboard, sled, squirrel, subway, taxi, train"
is_flat,is flat,10,"board_(wood), plate, ruler, saucer, shelves, spatula, surfboard, table, tray, wall"
is_fun,is fun,7,"ball, dunebuggy, motorcycle, sled, sleigh, toy, tricycle"
is_furry,is furry,20,"beaver, bison, buffalo, caterpillar, cheetah, chipmunk, coyote, donkey, earmuffs, elk, gorilla, groundhog, hyena, leopard, mink, mole_(animal), ox, platypus, rabbit, raccoon"
is_gold,is gold,7,"chain, goldfish, key, saxophone, trombone, trumpet, tuba"
is_green,is green,47,"alligator, apple, asparagus, avocado, banana, beans, board_(black), bottle, broccoli, budgie, cabbage, caterpillar, cedar, celery, crocodile, cucumber, emerald, frog, grape, grasshopper, grenade, honeydew, hose, iguana, jeep, lettuce, lime, olive, onions, parsley, pear, peas, pickle, pine, rattlesnake, rhubarb, salamander, seaweed, spinach, tank_(army), toad, tomato, tortoise, turtle, vine, willow, zucchini"
is_grey,is grey,13,"dolphin, donkey, eel, elephant, moth, mouse, pigeon, rat, rock, seagull, squirrel, stone, walrus"
is_hand_held,is hand held,7,"brush, lantern, mouse_(computer), pistol, pliers, screwdriver, tongs"
is_hard,is hard,22,"ball, bathtub, beetle, bench, board_(wood), brick, cheese, clam, cockroach, coconut, crowbar, helmet, marble, oak, pearl, pipe_(plumbing), rock, shell, stick, stone, turtle, walnut"
is_heavy,is heavy,27,"anchor, armour, axe, bat_(baseball), brick, bureau, cannon, chandelier, couch, crane_(machine), crowbar, crown, drapes, dresser, fridge, hammer, pistol, rifle, rock, saddle, sledgehammer, stone, tank_(army), truck, tuba, typewriter, wrench"
is_juicy,is juicy,21,"apple, beets, blueberry, cantaloupe, grape, grapefruit, honeydew, lemon, lime, mandarin, nectarine, orange, peach, pear, pickle, pineapple, plum, prune, strawberry, tangerine, tomato"
is_knitted,is knitted,5,"gloves, mittens, scarf, shawl, sweater"
is_large,is large,106,"airplane, ambulance, anchor, balloon, banner, barn, barrel, bathtub, bazooka, bear, beetle, bin_(waste), bison, board_(black), bookcase, box, bridge, buffalo, building, bull, bureau, bus, buzzard, camel, cannon, caribou, cart, catapult, cathedral, cello, church, cigar, cockroach, couch, cougar, cow, crane_(machine), crocodile, crow, dresser, eagle, elephant, elk, emu, falcon, freezer, fridge, garage, goose, gorilla, grapefruit, harp, harpsichord, hawk, hornet, horse, house, jet, leopard, limousine, lion, moose, mug, oak, octopus, ostrich, ox, parka, peacock, pelican, piano, pier, pumpkin, pyramid, python, raven, rocket, sailboat, seal, shield, ship, shrimp, skyscraper, sledgehammer, spider, stork, submarine, tank_(army), tank_(container), tiger, tortoise, tractor, trailer, trolley, trombone, truck, tuba, tuna, turkey, umbrella, van, vulture, walrus, whale, willow, yacht"
is_long,is long,81,"alligator, apron, asparagus, banana, banner, bat_(baseball), baton, bayonet, belt, bench, board_(wood), boots, bow_(ribbon), bow_(weapon), bridge, broom, canoe, cape, carrot, caterpillar, celery, chain, cigar, clarinet, cloak, coat, crocodile, crowbar, cucumber, curtains, drapes, dress, eel, flute, gorilla, gown, harpoon, hoe, hose, limousine, machete, missile, necklace, nightgown, paintbrush, pants, pen, pencil, pipe_(plumbing), python, rake, rattlesnake, rhubarb, rifle, robe, rocket, rope, ruler, scarf, screwdriver, seaweed, skateboard, skirt, skis, sledgehammer, spatula, spear, stick, surfboard, sword, tape_(scotch), thermometer, tie, tongs, trombone, vine, wand, whip, willow, worm, zucchini"
is_loud,is loud,34,"accordion, ambulance, bagpipe, bazooka, blender, bomb, budgie, bus, cannon, chicken, crow, dishwasher, drill, drum, dunebuggy, gun, hammer, helicopter, jet, mixer, motorcycle, parakeet, pistol, rifle, shotgun, stereo, subway, tractor, train, trombone, trumpet, tuba, whistle, woodpecker"
is_nutritious,is nutritious,15,"apple, beans, bread, broccoli, cabbage, carrot, cauliflower, celery, grapefruit, honeydew, lettuce, peas, potato, spinach, zucchini"
is_orange,is orange,15,"ambulance, cantaloupe, carrot, cheese, giraffe, goldfish, mandarin, nectarine, orange, oriole, peach, pumpkin, tangerine, tiger, yam"
is_pink,is pink,5,"flamingo, grapefruit, pig, salmon, shrimp"
is_pretty,is pretty,7,"blouse, bluejay, bouquet, butterfly, doll, ring_(jewelry), swan"
is_purple,is purple,5,"beets, eggplant, grape, plum, prune"
is_rectangular,is rectangular,10,"banner, box, brick, certificate, door, dresser, freezer, fridge, ruler, tray"
is_red,is red,26,"ambulance, ant, apple, barn, beets, bow_(ribbon), brick, cherry, crab, cranberry, fox, grape, lobster, olive, pen, plum, radish, raspberry, rhubarb, rooster, shrimp, strawberry, tomato, tractor, tricycle, wagon"
is_round,is round,76,"apple, ashtray, ball, balloon, banana, banjo, barrel, baton, beets, bin_(waste), biscuit, blueberry, bowl, bracelet, bucket, cabbage, cantaloupe, cap_(bottle), cherry, cigarette, clock, coconut, coin, crown, cushion, dish, doorknob, drain, drum, earmuffs, football, grape, grapefruit, grenade, honeydew, hose, mandarin, marble, medal, nectarine, onions, orange, pan, peach, pearl, peas, peg, pen, pickle, pie, pipe_(plumbing), plate, plum, pot, pumpkin, racquet, radish, rattle, rice, ring_(jewelry), rocket, saucer, skillet, stone, stool_(furniture), strainer, table, tangerine, thermometer, tomato, tray, turnip, umbrella, urn, wand, wheel"
is_sharp,is sharp,18,"axe, bayonet, chisel, dagger, fork, grater, harpoon, hatchet, hook, knife, machete, pin, razor, scissors, spear, sword, tack, tomahawk"
is_shiny,is shiny,15,"armour, buckle, chain, chandelier, coin, emerald, faucet, knife, mirror, pearl, ring_(jewelry), saxophone, sword, tack, trumpet"
is_silver,is silver,8,"armour, chain, flute, key, pin, spoon, tack, thimble"
is_slimy,is slimy,10,"eel, iguana, perch, salamander, sardine, seaweed, snail, squid, toad, worm"
is_slow,is slow,7,"porcupine, scooter, snail, tortoise, tractor, tricycle, turtle"
is_small,is small,121,"ant, apartment, bat_(animal), beans, bedroom, beetle, bin_(waste), biscuit, blueberry, bluejay, boat, bolts, box, bridge, buckle, budgie, bullet, bungalow, butterfly, cabin, cage, calf, canary, cap_(bottle), caterpillar, cherry, chickadee, chipmunk, closet, cockroach, coin, comb, cottage, crab, cranberry, cushion, dagger, fawn, finch, flea, flute, fox, garlic, goldfish, gopher, grape, grasshopper, grater, grenade, groundhog, guppy, hamster, hare, harmonica, hatchet, house, housefly, hut, inn, key, lime, mandarin, marble, mat, mink, minnow, mole_(animal), moth, mouse, mouse_(computer), mushroom, nectarine, olive, parakeet, pearl, peas, peg, penguin, perch, pin, pistol, plum, pony, porcupine, prune, rabbit, raccoon, radish, raisin, raspberry, rat, rice, robin, sailboat, salamander, sardine, scooter, screws, shack, shed, shrimp, skunk, snail, sparrow, spider, squirrel, starling, stone, stool_(furniture), strawberry, tack, tangerine, thimble, toad, tricycle, trolley, turtle, walnut, wasp, whistle, worm"
is_smelly,is smelly,16,"ashtray, barn, bin_(waste), cabbage, cedar, cigar, cigarette, cow, garlic, pig, pipe_(smoking), sardine, seaweed, socks, trout, tuna"
is_smooth,is smooth,8,"dolphin, magazine, marble, nectarine, pearl, rock, seal, stone"
is_soft,is soft,27,"avocado, banana, bed, blouse, bread, camisole, carpet, cheese, couch, cushion, earmuffs, fawn, hamster, lamb, mink, mink_(coat), napkin, nightgown, pajamas, peach, pear, pillow, robe, scarf, slippers, sofa, strawberry"
is_square,is square,6,"box, cushion, napkin, raft, table, tray"
is_strong,is strong,8,"ant, armour, chain, gorilla, horse, oak, ox, rope"
is_tall,is tall,12,"birch, bookcase, building, cedar, elevator, gate, giraffe, oak, pine, pyramid, skyscraper, stool_(furniture)"
is_thin,is thin,16,"belt, bracelet, canoe, comb, flute, hose, nylons, pen, pencil, pin, rope, skis, spear, stick, tie, whip"
is_transparent,is transparent,6,"bottle, hose_(leggings), jar, nylons, tape_(scotch), veil"
is_ugly,is ugly,10,"beetle, buzzard, cockroach, crow, hyena, octopus, ostrich, rat, toad, vulture"
is_useful,is useful,6,"bag, pliers, shelves, tack, tape_(scotch), wheelbarrow"
is_warm,is warm,14,"bed, cap_(hat), cloak, coat, earmuffs, house, jacket, mink_(coat), nightgown, pajamas, parka, robe, shawl, sweater"
is_white,is white,51,"ambulance, bathtub, bear, birch, bra, bread, cabbage, camisole, cauliflower, cheese, chipmunk, cigarette, coconut, cow, dove, envelope, fence, freezer, fridge, garlic, goat, goose, hare, keyboard_(musical), lamb, limousine, mouse, mushroom, napkin, onions, pear, pearl, pelican, penguin, piano, pillow, plate, raccoon, rat, rice, rooster, seagull, sheep, shrimp, skunk, stork, swan, toilet, turnip, veil, zebra"
is_white_inside,is white inside,5,"coconut, cucumber, eggplant, radish, zucchini"
is_yellow,is yellow,27,"apple, banana, beans, beehive, bus, canary, cheese, cheetah, chickadee, corn, crane_(machine), dandelion, finch, giraffe, grapefruit, honeydew, hornet, lemon, onions, pear, peas, pencil, pineapple, raisin, taxi, tractor, wasp"
lives_in_Africa,lives in Africa,7,"cheetah, elephant, giraffe, lion, ostrich, tiger, zebra"
lives_in_deserts,lives in deserts,6,"buzzard, camel, coyote, iguana, rattlesnake, vulture"
lives_in_forests,lives in forests,9,"bear, cougar, coyote, elk, fox, hare, owl, porcupine, skunk"
lives_in_ground,lives in ground,5,"ant, gopher, groundhog, mole_(animal), worm"
lives_in_jungles,lives in jungles,7,"chimp, cougar, gorilla, lion, panther, python, tiger"
lives_in_oceans,lives in oceans,10,"clam, crab, dolphin, eel, lobster, octopus, shrimp, squid, tuna, whale"
lives_in_trees,lives in trees,6,"caterpillar, chipmunk, dove, owl, squirrel, woodpecker"
lives_in_water,lives in water,32,"alligator, beaver, catfish, clam, cod, crab, crocodile, dolphin, eel, frog, goldfish, guppy, lobster, mackerel, minnow, octopus, otter, perch, platypus, salamander, salmon, sardine, seal, shrimp, squid, toad, tortoise, trout, tuna, turtle, walrus, whale"
lives_in_wilderness,lives in wilderness,9,"bear, caribou, cougar, coyote, deer, fawn, lion, moose, tiger"
lives_in_zoos,lives in zoos,9,"chimp, elephant, giraffe, gorilla, lion, ostrich, peacock, tiger, zebra"
lives_on_farms,lives on farms,12,"calf, chicken, cow, donkey, goat, horse, lamb, pig, pony, rooster, sheep, turkey"
made_of_brass,made of brass,5,"doorknob, saxophone, trombone, trumpet, tuba"
made_of_brick,made of brick,5,"apartment, building, bungalow, house, wall"
made_of_ceramic,made of ceramic,7,"bathtub, bowl, cup, dish, mug, plate, toilet"
made_of_cotton,made of cotton,12,"apron, blouse, bra, camisole, coat, nightgown, pajamas, robe, shawl, shirt, socks, sweater"
made_of_different_materials,made of different materials,6,"coat, pants, robe, sack, skirt, swimsuit"
made_of_glass,made of glass,14,"ashtray, blender, bottle, chandelier, cup, dish, jar, lantern, marble, mirror, plate, pot, tank_(container), thermometer"
made_of_gold,made of gold,6,"bracelet, crown, medal, necklace, ring_(jewelry), tuba"
made_of_leather,made of leather,13,"belt, boots, coat, couch, football, gloves, jacket, muzzle, saddle, sandals, shoes, slippers, whip"
made_of_material,made of material,18,"bag, belt, blouse, bra, camisole, couch, curtains, drapes, dress, mat, nylons, pants, shirt, shoes, skirt, socks, tie, trousers"
made_of_metal,made of metal,133,"airplane, anchor, armour, bat_(baseball), baton, bazooka, bench, bike, bin_(waste), bolts, bookcase, bracelet, bridge, brush, bucket, buckle, buggy, building, bullet, cage, cannon, cap_(bottle), cart, chain, chisel, clamp, clarinet, coin, colander, comb, corkscrew, crane_(machine), crowbar, dagger, desk, dishwasher, door, doorknob, drain, drill, drum, elevator, escalator, fan_(appliance), faucet, fence, flute, fork, gate, grater, grenade, gun, hammer, harmonica, harpoon, hatchet, helicopter, hoe, hook, jet, kettle, key, knife, ladle, lantern, machete, medal, microscope, missile, oven, pan, peg, pen, pin, pipe_(plumbing), pistol, pliers, plug_(electric), pot, racquet, rake, razor, revolver, rifle, ring_(jewelry), rocket, saxophone, scissors, scooter, screwdriver, screws, shack, shed, shelves, shield, shotgun, shovel, sink, skillet, sled, sledgehammer, sleigh, spade, spatula, spoon, stool_(furniture), stove, strainer, submarine, sword, tack, tank_(army), tank_(container), tap, thimble, toaster, tongs, tractor, train, tray, tricycle, tripod, trolley, trumpet, tuba, typewriter, umbrella, urn, wagon, wheel, wheelbarrow, whistle, wrench"
made_of_paper,made of paper,10,"bag, banner, book, card_(greeting), envelope, kite, magazine, menu, napkin, plate"
made_of_plastic,made of plastic,51,"ashtray, bag, balloon, banner, bin_(waste), blender, bottle, bow_(weapon), bowl, broom, brush, bucket, buckle, cap_(bottle), colander, comb, cup, dish, fork, helmet, hook, hose, jar, kettle, kite, ladle, menu, mouse_(computer), peg, pen, pipe_(plumbing), plate, plug_(electric), raft, rattle, ruler, sandals, scissors, shelves, sled, sleigh, spatula, spoon, strainer, tank_(container), telephone, thimble, tongs, tray, umbrella, whistle"
made_of_porcelain,made of porcelain,6,"cup, doll, plate, saucer, sink, toilet"
made_of_rubber,made of rubber,7,"balloon, boots, hose, mat, raft, spatula, wheel"
made_of_silk,made of silk,6,"blouse, camisole, gown, nightgown, pajamas, tie"
made_of_silver,made of silver,7,"bracelet, coin, crown, fork, medal, necklace, ring_(jewelry)"
made_of_steel,made of steel,6,"bolts, clamp, fork, knife, pliers, sword"
made_of_wood,made of wood,79,"banjo, barn, barrel, basket, bat_(baseball), baton, bench, board_(wood), boat, bookcase, bow_(weapon), box, bridge, broom, building, bureau, cabin, cabinet, canoe, cart, catapult, cello, chair, clarinet, cork, cottage, crossbow, cupboard, desk, door, dresser, fence, flute, garage, gate, guitar, hammer, harp, harpsichord, house, hut, kite, ladle, level, oak, paintbrush, peg, pencil, piano, pier, pipe_(smoking), racquet, raft, rake, rocker, ruler, shack, shed, shelves, shield, ship, skateboard, skis, sled, sledgehammer, sleigh, slingshot, spatula, spear, spoon, stick, stool_(furniture), surfboard, table, tomahawk, violin, wagon, wall, wheelbarrow"
made_of_wool,made of wool,9,"carpet, coat, gloves, mittens, scarf, shawl, socks, sweater, trousers"
requires_drivers,requires drivers,5,"bus, car, limousine, taxi, truck"
requires_gasoline,requires gasoline,6,"car, limousine, motorcycle, tractor, truck, van"
tastes_good,tastes good,33,"avocado, banana, biscuit, blueberry, broccoli, cake, cantaloupe, cauliflower, celery, cheese, coconut, crab, garlic, grape, honeydew, lobster, mandarin, nectarine, olive, parsley, peach, pear, peas, perch, pickle, pie, plum, raspberry, shrimp, strawberry, trout, tuna, zucchini"
tastes_sour,tastes sour,8,"apple, cranberry, grapefruit, lemon, lime, pickle, raspberry, rhubarb"
tastes_sweet,tastes sweet,24,"apple, blueberry, cake, cantaloupe, cherry, coconut, corn, cranberry, grape, honeydew, mandarin, nectarine, orange, peach, pear, pickle, pineapple, plum, prune, raisin, raspberry, strawberry, tangerine, yam"
used_by_blowing_air_through,used by blowing air through,7,"clarinet, flute, harmonica, trombone, trumpet, tuba, whistle"
used_by_children,used by children,13,"balloon, crayon, doll, kite, marble, pony, scooter, skateboard, sled, slingshot, toy, tricycle, wagon"
used_by_people,used by people,10,"bathtub, boat, bridge, brush, buggy, building, cathedral, helicopter, submarine, trombone"
used_by_riding,used by riding,7,"bike, camel, donkey, horse, pony, skateboard, tricycle"
used_by_shooting,used by shooting,5,"gun, harpoon, pistol, rifle, slingshot"
used_by_sitting_on,used by sitting on,8,"bench, chair, couch, cushion, rocker, saddle, sofa, stool_(furniture)"
used_by_the_military,used by the military,5,"bazooka, grenade, jeep, missile, tank_(army)"
used_by_the_police,used by the police,7,"bullet, gun, helicopter, pistol, revolver, shotgun, whistle"
used_by_throwing,used by throwing,7,"ball, football, grenade, rock, spear, stone, tomahawk"
used_by_turning,used by turning,5,"doorknob, screwdriver, screws, tap, wrench"
used_for_cargo,used for cargo,5,"cart, ship, truck, van, wagon"
used_for_carpentry,used for carpentry,8,"clamp, drill, hammer, level, pliers, sandpaper, screwdriver, screws"
used_for_carrying_things,used for carrying things,9,"bag, basket, bucket, buggy, sack, trailer, tray, trolley, wheelbarrow"
used_for_cleaning,used for cleaning,5,"apron, broom, brush, napkin, rake"
used_for_construction,used for construction,12,"board_(wood), bolts, brick, cedar, crane_(machine), hammer, level, rock, screws, sledgehammer, stone, wheelbarrow"
used_for_cooking,used for cooking,13,"apron, ladle, microwave, mixer, oven, pan, pepper, pot, skillet, spatula, stove, strainer, toaster"
used_for_cutting,used for cutting,9,"axe, dagger, grater, hatchet, knife, machete, razor, scissors, sword"
used_for_eating,used for eating,5,"bowl, dish, fork, plate, spoon"
used_for_fishing,used for fishing,5,"boat, hook, pier, spear, worm"
used_for_food,used for food,7,"bowl, dish, grater, oven, plate, skillet, tray"
used_for_holding_things,used for holding things,14,"bag, basket, bottle, bowl, bucket, cage, jar, mug, sack, tank_(container), trailer, tray, urn, wheelbarrow"
used_for_holding_things_together,used for holding things together,8,"bolts, buckle, chain, clamp, pin, screws, tack, tape_(scotch)"
used_for_holding_water,used for holding water,5,"bathtub, kettle, pipe_(plumbing), sink, tank_(container)"
used_for_hunting,used for hunting,8,"bow_(weapon), crossbow, gun, harpoon, rifle, shotgun, slingshot, spear"
used_for_juice,used for juice,7,"cranberry, grape, grapefruit, lemon, orange, pineapple, prune"
used_for_killing,used for killing,19,"axe, bayonet, bazooka, bomb, bow_(weapon), bullet, crossbow, dagger, grenade, gun, harpoon, knife, missile, pistol, revolver, rifle, shotgun, slingshot, spear"
used_for_moving_things,used for moving things,5,"box, crane_(machine), trolley, van, wheelbarrow"
used_for_music,used for music,6,"bagpipe, banjo, cello, harmonica, saxophone, trumpet"
used_for_passengers,used for passengers,10,"airplane, bus, car, jet, limousine, ship, subway, taxi, train, van"
used_for_playing,used for playing,5,"ball, doll, kite, marble, toy"
used_for_protection,used for protection,9,"dog, gun, pistol, revolver, shell, shield, tent, umbrella, wall"
used_for_sleeping,used for sleeping,5,"bed, couch, cushion, pillow, sofa"
used_for_sports,used for sports,7,"ball, bat_(baseball), bow_(weapon), football, racquet, sailboat, whistle"
used_for_storage,used for storage,18,"barn, barrel, basement, bookcase, box, bureau, cabinet, cellar, closet, cupboard, dresser, freezer, fridge, garage, shack, shed, shelves, tank_(container)"
used_for_transportation,used for transportation,33,"airplane, ambulance, bike, boat, buggy, bus, camel, canoe, car, dunebuggy, elevator, helicopter, horse, jet, motorcycle, raft, sailboat, scooter, ship, skateboard, sleigh, submarine, subway, taxi, train, tricycle, trolley, truck, unicycle, van, wagon, wheelbarrow, yacht"
used_for_war,used for war,12,"bazooka, bomb, cannon, catapult, gun, missile, rifle, shield, submarine, sword, tank_(army), tomahawk"
used_in_bands,used in bands,9,"banjo, clarinet, drum, flute, guitar, saxophone, trombone, trumpet, tuba"
used_in_circuses,used in circuses,5,"cannon, elephant, lion, tiger, unicycle"
used_in_orchestras,used in orchestras,6,"clarinet, flute, trombone, trumpet, tuba, violin"
used_on_water,used on water,7,"canoe, raft, ship, skis, submarine, surfboard, yacht"
worn_around_neck,worn around neck,6,"apron, chain, medal, necklace, scarf, tie"
worn_by_men,worn by men,6,"cap_(hat), pants, shirt, swimsuit, tie, trousers"
worn_by_women,worn by women,18,"apron, blouse, bra, camisole, dress, gown, hose_(leggings), leotards, mink_(coat), necklace, nightgown, nylons, pants, shawl, shirt, skirt, swimsuit, veil"
worn_for_covering_body,worn for covering body,8,"boots, coat, nylons, pants, robe, shoes, swimsuit, trousers"
worn_for_protection,worn for protection,8,"apron, armour, boots, coat, earmuffs, helmet, shoes, thimble"
worn_for_wamth,worn for wamth,17,"boots, cape, coat, gloves, hose_(leggings), jacket, mittens, pants, robe, scarf, shawl, shirt, slippers, socks, sweater, trousers, vest"
worn_in_winter,worn in winter,8,"boots, coat, gloves, jacket, mittens, parka, scarf, sweater"
worn_on_feet,worn on feet,6,"boots, sandals, shoes, skis, slippers, socks"
